{
  "pizzas": [
    {
      "id": 1,
      "title": "Margherita",
      "short_desc": "A classic delight with 100% Real mozzarella cheese",
      "price": "199",
      "image": "assets/images/1.png",
      "category": "Veg",
      "size": "Regular",
      "crust": "3",
      "extra_cheese": true,
      "toppings": "1",
      "is_featured": false
    },
    {
      "id": 2,
      "title": "Farmhouse",
      "short_desc": "Delightful combination of onion, capsicum, tomato & grilled mushroom",
      "price": "395",
      "image": "assets/images/2.png",
      "category": "Veg",
      "size": "Mediun",
      "crust": "3",
      "extra_cheese": true,
      "toppings": "1",
      "is_featured": true
    },
    {
      "id": 3,
      "title": "Cheese n Corn",
      "short_desc": "Sweet & Juicy Golden corn and 100% real mozzarella cheese in a delectable combination !",
      "price": "305",
      "image": "assets/images/3.png",
      "category": "Veg",
      "size": "Mediun",
      "crust": "3",
      "extra_cheese": true,
      "toppings": "1",
      "is_featured": true
    },
    {
      "id": 4,
      "title": "Veggie Paradise",
      "short_desc": "The awesome foursome! Golden corn, black olives, capsicum, red paprika",
      "price": "395",
      "image": "assets/images/4.png",
      "category": "Veg",
      "size": "Mediun",
      "crust": "3",
      "extra_cheese": true,
      "toppings": "1",
      "is_featured": false
    },
    {
      "id": 5,
      "title": "Chicken Sausage",
      "short_desc": "American classic! Spicy, herbed chicken sausage on pizza.",
      "price": "305",
      "image": "assets/images/4.png",
      "category": "NonVeg",
      "size": "Mediun",
      "crust": "3",
      "extra_cheese": true,
      "toppings": "1",
      "is_featured": true
    },
    {
      "id": 6,
      "title": "Pepper Barbecue Chicken",
      "short_desc": "Pepper barbecue chicken for that extra zing.",
      "price": "305",
      "image": "assets/images/6.png",
      "category": "NonVeg",
      "size": "Mediun",
      "crust": "3",
      "extra_cheese": true,
      "toppings": "1",
      "is_featured": false
    },
    {
      "id": 7,
      "title": "Chicken Fiesta",
      "short_desc": "Grilled chicken rashers, peri-peri chicken, onion & capsicum, a complete fiesta",
      "price": "450",
      "image": "assets/images/7.png",
      "category": "NonVeg",
      "size": "Mediun",
      "crust": "3",
      "extra_cheese": true,
      "toppings": "1",
      "is_featured": true
    },
    {
      "id": 8,
      "title": "Chicken Pepperoni",
      "short_desc": "A classic American taste! Relish the delectable flavor of Chicken Pepperoni, topped with extra cheese",
      "price": "570",
      "image": "assets/images/8.png",
      "category": "NonVeg",
      "size": "Mediun",
      "crust": "3",
      "extra_cheese": true,
      "toppings": "1",
      "is_featured": false
    },
    {
      "title": "Simple",
      "short_desc": "",
      "price": 0,
      "image": "",
      "size": "",
      "crust": "1",
      "extra_cheese": false,
      "toppings": "",
      "sauce": "",
      "is_featured": false,
      "id": 9
    },
    {
      "title": "Avinash",
      "short_desc": "",
      "price": 0,
      "image": "",
      "size": "",
      "crust": "2",
      "extra_cheese": false,
      "toppings": "",
      "sauce": "",
      "is_featured": false,
      "id": 10
    },
    {
      "title": "Avinash",
      "short_desc": "",
      "price": 0,
      "image": "",
      "size": "",
      "crust": 3,
      "extra_cheese": false,
      "toppings": "",
      "sauce": "",
      "is_featured": false,
      "id": 11
    },
    {
      "title": "Aaa",
      "short_desc": "",
      "price": 0,
      "image": "",
      "size": "",
      "crust": 3,
      "extra_cheese": false,
      "toppings": "",
      "sauce": "",
      "is_featured": false,
      "id": 12
    },
    {
      "title": "Avinash",
      "short_desc": "",
      "price": 0,
      "image": "",
      "size": "",
      "crust": "2",
      "extra_cheese": false,
      "toppings": "",
      "sauce": "",
      "is_featured": false,
      "id": 13
    }
  ]
}